# code|table|column|value|rows|preview|number|source|filter-sort|summary|spaces|reset-view|about
fr|Tableau|Colonne|Valeur|Lignes|Aperçu|Nombre|Source|Filtrer et trier|Résumé de colonne|Afficher les espaces|Réinitialiser la vue|À propos
de|Tabelle|Spalte|Wert|Zeilen|Vorschau|Zahl|Quelle|Filtern und sortieren|Spaltenübersicht|Leerzeichen anzeigen|Ansicht zurücksetzen|Über
es|Tabla|Columna|Valor|Filas|Vista previa|Número|Origen|Filtrar y ordenar|Resumen de columna|Mostrar espacios|Restablecer vista|Acerca de
es-AR|Tabla|Columna|Valor|Filas|Vista previa|Número|Origen|Filtrar y ordenar|Resumen de columna|Mostrar espacios|Restablecer vista|Acerca de
it|Tabella|Colonna|Valore|Righe|Anteprima|Numero|Origine|Filtra e ordina|Riepilogo colonna|Mostra spazi|Ripristina vista|Informazioni
pt-PT|Tabela|Coluna|Valor|Linhas|Pré-visualização|Número|Origem|Filtrar e ordenar|Resumo da coluna|Mostrar espaços|Repor vista|Acerca de
pt-BR|Tabela|Coluna|Valor|Linhas|Prévia|Número|Origem|Filtrar e ordenar|Resumo da coluna|Mostrar espaços|Redefinir visualização|Sobre
nl|Tabel|Kolom|Waarde|Rijen|Voorbeeld|Getal|Bron|Filteren en sorteren|Kolomoverzicht|Spaties tonen|Weergave herstellen|Over
sv|Tabell|Kolumn|Värde|Rader|Förhandsgranska|Tal|Källa|Filtrera och sortera|Kolumnöversikt|Visa blanksteg|Återställ vy|Om
da|Tabel|Kolonne|Værdi|Rækker|Forhåndsvisning|Tal|Kilde|Filtrer og sorter|Kolonneoversigt|Vis mellemrum|Nulstil visning|Om
fi|Taulukko|Sarake|Arvo|Rivit|Esikatselu|Luku|Lähde|Suodata ja lajittele|Sarakkeen yhteenveto|Näytä välilyönnit|Palauta näkymä|Tietoja
nb|Tabell|Kolonne|Verdi|Rader|Forhåndsvisning|Tall|Kilde|Filtrer og sorter|Kolonnesammendrag|Vis mellomrom|Tilbakestill visning|Om
nn|Tabell|Kolonne|Verdi|Rader|Førehandsvising|Tal|Kjelde|Filtrer og sorter|Kolonnesamandrag|Vis mellomrom|Nullstill vising|Om
et|Tabel|Veerg|Väärtus|Read|Eelvaade|Arv|Allikas|Filtreeri ja sordi|Veeru kokkuvõte|Näita tühikuid|Lähtesta vaade|Teave
lv|Tabula|Kolonna|Vērtība|Rindas|Priekšskatījums|Skaitlis|Avots|Filtrēt un kārtot|Kolonnas kopsavilkums|Rādīt atstarpes|Atiestatīt skatu|Par
lt|Lentelė|Stulpelis|Reikšmė|Eilutės|Peržiūra|Skaičius|Šaltinis|Filtruoti ir rikiuoti|Stulpelio suvestinė|Rodyti tarpus|Atkurti rodinį|Apie
pl|Tabela|Kolumna|Wartość|Wiersze|Podgląd|Liczba|Źródło|Filtruj i sortuj|Podsumowanie kolumny|Pokaż spacje|Resetuj widok|O programie
cs|Tabulka|Sloupec|Hodnota|Řádky|Náhled|Číslo|Zdroj|Filtrovat a řadit|Souhrn sloupce|Zobrazit mezery|Obnovit zobrazení|O aplikaci
sk|Tabuľka|Stĺpec|Hodnota|Riadky|Náhľad|Číslo|Zdroj|Filtrovať a zoradiť|Súhrn stĺpca|Zobraziť medzery|Obnoviť zobrazenie|O aplikácii
sl|Tabela|Stolpec|Vrednost|Vrstice|Predogled|Število|Vir|Filtriraj in razvrsti|Povzetek stolpca|Pokaži presledke|Ponastavi pogled|O programu
hr|Tablica|Stupac|Vrijednost|Redci|Pregled|Broj|Izvor|Filtriraj i sortiraj|Sažetak stupca|Prikaži razmake|Vrati prikaz|O programu
bs|Tabela|Kolona|Vrijednost|Redovi|Pregled|Broj|Izvor|Filtriraj i sortiraj|Sažetak kolone|Prikaži razmake|Vrati prikaz|O programu
sr-Latn|Tabela|Kolona|Vrednost|Redovi|Pregled|Broj|Izvor|Filtriraj i sortiraj|Sažetak kolone|Prikaži razmake|Vrati prikaz|O programu
sr-Cyrl|Табела|Колона|Вредност|Редови|Преглед|Број|Извор|Филтрирај и сортирај|Сажетак колоне|Прикажи размаке|Врати приказ|О програму
ro|Tabel|Coloană|Valoare|Rânduri|Previzualizare|Număr|Sursă|Filtrare și sortare|Rezumatul coloanei|Afișează spațiile|Resetează vizualizarea|Despre
ru|Таблица|Столбец|Значение|Строки|Предпросмотр|Число|Источник|Фильтрация и сортировка|Сводка по столбцу|Показывать пробелы|Сбросить представление|О программе
uk|Таблиця|Стовпець|Значення|Рядки|Попередній перегляд|Число|Джерело|Фільтрування та сортування|Зведення стовпця|Показувати пробіли|Скинути подання|Про програму
be|Табліца|Слупок|Значэнне|Радкі|Папярэдні прагляд|Лік|Крыніца|Фільтраванне і сартаванне|Зводка слупка|Паказваць прабелы|Скінуць выгляд|Пра праграму
bg|Таблица|Колона|Стойност|Редове|Преглед|Число|Източник|Филтриране и сортиране|Обобщение на колона|Показване на интервалите|Нулиране на изгледа|Относно
mk|Табела|Колона|Вредност|Редови|Преглед|Број|Извор|Филтрирање и сортирање|Резиме на колона|Прикажи празни места|Ресетирај приказ|За програмата
el|Πίνακας|Στήλη|Τιμή|Γραμμές|Προεπισκόπηση|Αριθμός|Πηγή|Φιλτράρισμα και ταξινόμηση|Σύνοψη στήλης|Εμφάνιση κενών|Επαναφορά προβολής|Σχετικά
sq|Tabelë|Kolonë|Vlerë|Rreshta|Parapamje|Numër|Burim|Filtro dhe rendit|Përmbledhje e kolonës|Shfaq hapësirat|Rivendos pamjen|Rreth
tr|Tablo|Sütun|Değer|Satırlar|Önizleme|Sayı|Kaynak|Filtrele ve sırala|Sütun özeti|Boşlukları göster|Görünümü sıfırla|Hakkında
lb|Tabell|Kolonn|Wäert|Reien|Virschau|Zuel|Quell|Filteren a sortéieren|Kolonneniwwersiicht|Eidelzeeche weisen|Usiicht zrécksetzen|Iwwer
ca|Taula|Columna|Valor|Files|Previsualització|Nombre|Origen|Filtra i ordena|Resum de columna|Mostra els espais|Restableix la vista|Quant a
an|Tabla|Columna|Valor|Ringleras|Vista previa|Numero|Orichen|Filtrar y ordenar|Resumen d'a columna|Amostrar espacios|Restablir a vista|Sobre
eu|Taula|Zutabea|Balioa|Errenkadak|Aurrebista|Zenbakia|Iturburua|Iragazi eta ordenatu|Zutabearen laburpena|Erakutsi zuriuneak|Berrezarri ikuspegia|Honi buruz
gl|Táboa|Columna|Valor|Filas|Vista previa|Número|Orixe|Filtrar e ordenar|Resumo da columna|Amosar espazos|Restabelecer a vista|Sobre
oc|Taula|Colomna|Valor|Linhas|Apercebut|Nombre|Font|Filtrar e triar|Resumit de colomna|Afichar los espacis|Reïnicializar la vista|A prepaus
oc-aran|Taula|Colomna|Valor|Linhes|Previsualizacion|Nombre|Origina|Filtrar e ordenar|Resumit dera colomna|Mostrar es espacis|Restablir era vista|A prepaus
fur|Tabele|Colone|Valôr|Riis|Anteprime|Numar|Font|Filtre e ordene|Somari de colone|Mostre i spazis|Ripristine la viodude|Informazions
lij|Tabella|Colònna|Valô|Righe|Anteprimma|Nùmero|Origine|Filtra e òrdina|Riassunto da colònna|Mostra i spaçi|Repiggia a vista|Informassioin
sc|Tabella|Colunna|Valore|Lìnias|Previsualizatzione|Nùmeru|Orìgine|Filtra e òrdina|Resumu de sa colunna|Mustra sos ispàtzios|Riprìstina sa vista|Informatziones
co|Tavula|Culonna|Valore|Righe|Anteprima|Numeru|Origine|Filtrà è urdinà|Riassuntu di a culonna|Mustrà i spazii|Ristabilisce a vista|Infurmazioni
vec|Tabeła|Cołona|Vałor|Righe|Anteprima|Nùmaro|Sorzente|Filtra e ordena|Resunto de ła cołona|Mostra i spasi|Riprìstina ła vista|Informasion
br|Taolenn|Bann|Gwerzh|Linennoù|Alberz|Niver|Tarzh|Silañ ha renkañ|Diverradenn ar bann|Diskouez an esaouennoù|Adderaouekaat ar gwel|Diwar-benn
cy|Tabl|Colofn|Gwerth|Rhesi|Rhagolwg|Rhif|Ffynhonnell|Hidlo a didoli|Crynodeb colofn|Dangos bylchau|Ailosod golwg|Ynghylch
ga|Tábla|Colún|Luach|Rónna|Réamhamharc|Uimhir|Foinse|Scag agus sórtáil|Achoimre colúin|Taispeáin spásanna|Athshocraigh an t-amharc|Maidir le
eo|Tabelo|Kolumno|Valoro|Vicoj|Antaŭrigardo|Nombro|Fonto|Filtri kaj ordigi|Kolumna resumo|Montri spacetojn|Restarigi la vidon|Pri
