000	Vaizdėnis CSV redaktuoklis Notepad++ pruogramā
001	Aple CSV Visual Editor
002	Susėsėkėms: {0}
003	Susėsėktė so kūriejo {0}
004	Kūriejs: {0}
005	Kūrėma versėjė
006	Patink CSV Visual Editor? Paremkėt pruojekta.\nPridiekėt žvaigždė GitHub, pasėdalinkėt sava nuomuonė arba parašīkėt kūriejou diel talkas. Diekou!
007	Sāsajas kalba: {0}
008	Susėitos pruogramas atvertė nepavīka. Susėsėkėms: {0}
009	Pruojekts GitHub
010	Versėjė: {0}
011	Versėjė ė sudėrėms
012	{0} ožbluokouts, nes laukontių pakeitėmų muodelis pasėkeitė. Dalėnis pakeitėms neišsauguots.
013	{0} ožbluokouts: iškarpėnės ė pažīmieta stačiakampė matmenīs skėrās.
014	{0} ožbluokouts: tiksla stačiakampis ožēn ož CSV lentelės rėbų.
015	{0} ožbluokouts: nier redagoujama tiksla stačiakampė.
016	Nukopėjouta {0} × {1} CSV lōngieliū.
017	Kopėjoutė/Iškėrptė ožbluokouta: pažīmietam lōngielie īr tabuliacėjė arba nauja eilotė, katras paprastam lentelės tekste negal aiškē pavaizdoutė.
018	Kopėjavėmou reiki CSV lōngieliū, ni cielų eiluotiu pažīmiejėma trīnėmou.
019	Kopėjavėmou reiki vėinuontės stačiakampės CSV lōngieliū atrankas.
020	Ė iškarpėnė iškėrpta {0} lōngieliū, ė laukontiuojė redagavėma sesėjė anėi ištuštintė. Taikītė įrašīs išvalīma Notepad++ pruogramuo.
021	Iškėrpėms baigts; pažīmietė lōngielē jau bova tušti. Iškarpėnie īr anuo pirmīnikės reikšmės.
022	{0} galėm tėk redagavėma režėmu.
023	{0} dabartėnē lentelie negalėm.
024	Įklėjavėms ožbluokouts: {0} Dōmenīs nepakeistė.
025	Įklėjavėms baigts; vėsas tiksla reikšmės jau bova tuokės pat.
026	Ė laukontė redagavėma sesėjė įklėjouta {0} pakeistū lōngieliū. Taikītė anuos įrašīs Notepad++ pruogramuo.
027	{0} reikalauj CSV lōngieliū stačiakampė, ni cielų eiluotiu atrankas trīnėmou.
028	{0} reikalauj vėinuontės stačiakampės CSV dōmenų atrankas.
029	{0} tikslā negalėmė už stabilaus redagavėma eiluotiu muodelė.
030	Aktīvaus lōngielė redagavėma patvėrtintė prieš kopėjavėma nepavīka.
031	Aktīvaus lōngielė redagavėma patvėrtintė nepavīka. Pataisīkėt reikšmė prieš {0}.
032	Iškarpėnie nier paprasta teksta lōngieliū.
033	Windows iškarpėnė laikinā nepasėikiama. Dōmenīs nepakeistė.
034	Kopėjoutė pažīmieta CSV lōngieliū stačiakampi į Windows iškarpėnė (Ctrl+C)
035	Kopėjoutė pažīmietus CSV lōngielius ė išvalītė anuos laukontiuojė redagavėma sesėjuo (Ctrl+X)
036	Įklėjoutė skaičiouklės lōngielius į pažīmieta CSV lōngieli arba stačiakampi (Ctrl+V)
037	Perveizietė teksta pakeitėma, tarpų apkarpīma arba raidžių dīduma keitėma laukontiuos CSV pakeitėmuos
038	Pažīmietė dabartėni CSV lōngieli arba eiluotė Notepad++ šaltėnė tekste
039	Šaltėnis
040	Keistė
041	Aple
042	Taikītė
043	Dėdiejoučē
044	Atšauktė
045	Oždārītė
046	Stolpelis
047	Kopėjoutė
048	Iškėrptė
049	Mažiejoučē
050	Redagoutė
051	Baigtė redagavėma
052	Skėrtė dėdiąsės/mažąsės raides
053	Skaičios
054	Pirmīnikė tvarka
055	Įklėjoutė
056	Perveiza
057	Atnaujintė
058	Eilotės
059	Lentelė
060	Teksts
061	Reikšmė
062	Stolpelė santrauka: kiekē, skėrtingas reikšmės, skaičių rėbas ė dažnas reikšmės dabartėniam vaizde.
063	Stolpelė santraukā reiki paruouštas tėk skaitomas lentelės. Pėrma išeikėt iš redagavėma režėma.
064	Filtroutė ė rėkioutė: jungtė stolpeliū sālīgas ė teksta/skaičių tvarkas līgius. Tėk vaizds; CSV nekeičiamas.
065	Filtroutė ė rėkioutė: jungtė stolpeliū sālīgas ė lig trėjų teksta/skaičių tvarkas līgių. Tėk vaizds.
066	Filtroutė ė rėkioutė: {0} sālīgų, {1} tvarkas līgių. Atstatītė vaizda išvalīs vėsas taisīklės.
067	Filtravėmou ė rėkiavėmou reiki paruouštas tėk skaitomas lentelės. Pėrma išeikėt iš redagavėma režėma.
068	Patėkra (0)
069	0 pakeitėmų
070	Pridietė sālīga
071	Pridietė tvarkas līgi
072	Taikītė vaizda
073	Aa
074	Teksta palīgėnėms skėr raidžių dīduma. Tarpā reikšmiuos laikoumė tikrās simbolēs.
075	Patėkrinkėt taisīklės: {0}
076	Sālīga
077	{0} / 8 sālīgų; {1} / 3 tvarkas līgių. Perveiza parodīs sutompontės eiluotės.
078	Tur
079	Netur
080	Nelīgo
081	Tuščias = nulė simbolių. Tėk tuštė simbolē = netuštė reikšmė iš tarpų, tabuliacėjų arba eiluotiu lūžių.\nSkaičē rašuomė so dešimtainiu taško (-12.5), be grupavėma ė laipsnių; reikšmė tor būtė tėksli.
082	Baigās
083	Līgo
084	Filtra reikšmė
085	Filtrā
086	Īr tuščias
087	Nier tuščias
088	Nier tėk tuštė simbolē
089	Īr tėk tuštė simbolē
090	Tikrs teksts, įskaitont tarpus. Skaitėnē taisīklei reiki tėkslaus dešimtainė skaičiaus so taško.
091	Atėtėktė VĖSAS sālīgas
092	Atėtėktė BENT VĖINA sālīga
093	Skaičios =
094	Skaičios >
095	Skaičios >=
096	Skaičios <
097	Skaičios <=
098	Skaičios (dešimtainis)
099	Perveiza: {0:N0} iš {1:N0} ruodomu eiluotiu. CSV nepakeists.
100	Pašalintė sālīga
101	Pašalintė tvarkas līgi
102	Atstatītė taisīklės
103	Taisīklės paisa ė dabartėnės paieškas. Atšauktė palėiks aktīvų vaizda.
104	Rėkiavėms
105	Prasėded
106	Teksts: simbolių tvarka, raidžių dīdums nesvarbos. Skaičios: tėkslė dešimtainē skaičē; netinkamas/tušti reikšmės galė.
107	Ruodīms aprėbuots; neruodomas eilotės neįtrauktas. 
108	Filtroutė ė rėkioutė
109	Viršoutėnis līgis svarbiausis; kėtė sprendž sutapėmus. Daugiausē 3.
110	Reikšmė (tikrs teksts so tarpās)
111	Tėk vaizds: CSV reikšmės ė šaltėnė tvarka nepakeistas. {0:N0} ruodomų eiluotiu.\n
112	Taikīms ožbluokouts: {0} netur aiškē palaikuoma pruofili. Redaktuoklė turėnīs nepakeists.
113	Taikīms ožbluokouts: {0} nepraejė griežtas kuodavėma pirmīn ė atgal patėkras. Turėnīs nepakeists.
114	Taikīms ožbluokouts: siūluoma turėni {0} kuodu negal įrašītė be nuostuolių. Pakaitalų simbolē neįrašītė; turėnīs nepakeists.
115	Taikīms dar neleidams {0}. Turėnīs nepakeists. Rašīms leidams tėk UTF-8 (65001) ė Windows-1250 (1250), patėkrėnus be nuostuolių. Atšaukėt vėskon arba pakeiskėt dokumenta į UTF-8 Notepad++ pruogramuo ė vėl pradiekėt redagavėma.
116	Atnaujėnėms redagavėma režėmu išjungts. Pėrma pritaikīkėt arba atšaukėt vėsus laukontius pakeitėmus.
117	Scintilla kuodų poslaps: {0}
118	Aktīvos dokumentos tur {0:N0} baitų. Dabartėnė saugi nuotraukas rėba īr {1:N0} baitų.
119	Aktīvaus Notepad++ dokumenta nuskaitytė nepavīka. Turėnīs nepakeists.
120	Taikīma rezoltats nier ožbluokouta kuodavėma būsena.
121	Lentelės paruoušėms fuone baigies be rezoltata.
122	CSV pakeitėmā pritaikītė, bet ankstesnė žīmėklė arba atrankas atstatītė nepavīka. Vėskon dar gal atšauktė vėinu veiksmo.
123	dabartėnis redaktuoklė kuodų poslaps
124	Iš turėnė nepavīka padārītė lentelės. Pasėrinkėt skīrėkli arba pataisīkėt dokumenta ė atnaujinkėt.
125	Lentelės paruoušėms dāvė nepėlna rezoltata.
