000	Notepad++ 嘅視覺化 CSV 編輯器
001	關於 CSV Visual Editor
002	聯絡：{0}
003	聯絡開發者 {0}
004	開發者：{0}
005	開發版本
006	覺得 CSV Visual Editor 好用？請支持呢個專案！\n你可以喺 GitHub 加星、提供意見，或者聯絡開發者參與開發。多謝支持！
007	介面語言：{0}
008	開唔到相關應用程式。聯絡：{0}
009	GitHub 專案
010	版本：{0}
011	版本同組建
012	已阻止{0}：等候套用嘅編輯模型已經改變。冇保留任何局部修改。
013	已阻止{0}：剪貼簿同選取範圍嘅矩形尺寸唔同。
014	已阻止{0}：目標矩形超出 CSV 表格範圍。
015	已阻止{0}：冇可編輯嘅目標矩形。
016	已複製 {0} × {1} 個 CSV 儲存格。
017	已阻止複製／剪下：選取嘅儲存格包含 Tab 或換行，冇辦法用純文字試算表格式清楚表示。
018	要複製，請選取 CSV 儲存格，唔好用刪除整列嘅選取方式。
019	要複製，請選取一個連續嘅 CSV 儲存格矩形範圍。
020	已將 {0} 個儲存格剪去剪貼簿，並喺等候套用嘅編輯內容中清空。撳「套用」先會將清除寫入 Notepad++。
021	剪下完成；選取嘅儲存格本來已經係空嘅。剪貼簿保留咗原有值。
022	{0}只可以喺編輯模式使用。
023	目前表格唔可以使用{0}。
024	已阻止貼上：{0} 資料冇改動。
025	貼上完成；全部目標值本來已經一樣。
026	已將 {0} 個有改動嘅儲存格貼入等候套用嘅編輯內容。撳「套用」先會寫入 Notepad++。
027	{0}需要 CSV 儲存格矩形範圍，唔係刪除整列嘅選取範圍。
028	{0}需要一個連續嘅 CSV 資料儲存格矩形範圍。
029	離開編輯模式嘅固定列模型之後，{0}嘅目標唔再適用。
030	複製之前，無法確認目前儲存格嘅編輯。
031	無法確認目前儲存格嘅編輯。請先修正個值，再{0}。
032	剪貼簿冇純文字儲存格。
033	Windows 剪貼簿暫時用唔到。資料冇改動。
034	將選取嘅 CSV 儲存格矩形複製去 Windows 剪貼簿 (Ctrl+C)
035	複製選取嘅 CSV 儲存格，並喺等候套用嘅編輯內容中清空 (Ctrl+X)
036	將試算表儲存格貼入選取嘅 CSV 儲存格或矩形範圍 (Ctrl+V)
037	預覽等候套用嘅 CSV 修改：文字取代、刪除兩端空白字元或者轉換大小寫
038	喺 Notepad++ 來源文字中選取目前嘅 CSV 儲存格或列
039	來源
040	轉換
041	關於
042	套用
043	遞增
044	取消
045	關閉
046	欄
047	複製
048	剪下
049	遞減
050	編輯
051	結束編輯
052	區分大小寫
053	數值
054	原有順序
055	貼上
056	預覽
057	重新整理
058	列
059	表格
060	文字
061	值
062	欄摘要：目前檢視入面嘅數量、相異值、數值範圍同常見值。
063	欄摘要需要已載入嘅唯讀表格。請先結束編輯模式。
064	篩選同排序：組合欄條件同文字／數值排序層級。只改檢視，唔改 CSV。
065	篩選同排序：組合欄條件同最多三層文字／數值排序。只改檢視。
066	篩選同排序：{0} 個條件、{1} 個排序層級。「重設檢視」會清除全部規則。
067	篩選同排序需要已載入嘅唯讀表格。請先結束編輯模式。
068	診斷 (0)
069	0 項修改
070	新增條件
071	新增排序層級
072	套用檢視
073	Aa
074	文字比較會區分大小寫。值入面嘅空格會照字面比較。
075	請檢查規則：{0}
076	條件
077	{0} / 8 個條件；{1} / 3 個排序層級。撳「預覽」檢查有幾多列符合。
078	包含
079	唔包含
080	唔等於
081	空字串 = 0 個字元。「只有空白字元」係非空字串，但全部都係空格、Tab 或換行。\n數值要用小數點（例如 -12.5），唔可以有分組符號或指數，亦必須可以精確表示。
082	結尾係
083	等於
084	篩選值
085	篩選
086	係空字串
087	唔係空字串
088	唔係只有空白字元
089	只有空白字元
090	照字面比較文字，包括空格。數值規則需要用小數點寫、可以精確表示嘅十進位數值。
091	符合全部條件
092	符合任何一個條件
093	數值 =
094	數值 >
095	數值 >=
096	數值 <
097	數值 <=
098	數值（十進位）
099	預覽：{1:N0} 個已顯示列入面有 {0:N0} 列符合。CSV 冇改動。
100	移除條件
101	移除排序層級
102	重設規則
103	規則亦會套用目前嘅搜尋。撳「取消」會保留目前檢視。
104	排序
105	開頭係
106	文字：按字元序位排序，唔分大小寫。數值：精確十進位數值；無效／空值排最後。\n排序鍵相同時保留來源順序。移除全部層級就會回復來源順序。
107	顯示範圍有限；未顯示嘅列唔包括喺內。 
108	篩選同排序
109	最上層優先；相同時再用下一層。最多 3 層。
110	值（照字面，包括空格）
111	只改檢視：CSV 值同來源順序冇改動。共 {0:N0} 個已顯示列。\n
112	已阻止套用：{0} 冇明確支援嘅編碼設定。編輯器內容冇改動。
113	已阻止套用：{0} 未能通過嚴格嘅編碼來回轉換檢查。編輯器內容冇改動。
114	已阻止套用：建議內容無法用 {0} 無損表示。冇寫入替代字元，編輯器內容冇改動。
115	{0} 暫時唔准套用。編輯器內容冇改動。只有 UTF-8 (65001) 同 Windows-1250 (1250) 可以喺通過無損檢查後寫入。請還原全部修改，或者喺 Notepad++ 將文件轉成 UTF-8，再重新進入編輯模式。
116	編輯模式唔可以重新整理。請先套用或者還原全部等候套用嘅修改。
117	Scintilla 字碼頁：{0}
118	目前文件有 {0:N0} 位元組。目前安全快照上限係 {1:N0} 位元組。
119	讀唔到目前 Notepad++ 文件。編輯器內容冇改動。
120	套用結果唔係編碼被阻止嘅狀態。
121	背景表格準備已完成，但冇結果。
122	CSV 修改已成功套用，但無法還原之前嘅游標或者選取範圍。成批修改仍然可以用一次復原撤銷。
123	編輯器目前嘅字碼頁
124	無法由編輯器內容建立視覺化表格。請選擇分隔符號，或者修正文件後重新整理。
125	表格準備傳回咗唔完整嘅結果。
